version, runtime
python, 119.604962
java, 1.504435291
C, 3.927682
C_jki, 5.102608
C_ikj, 1.316210
